sourceOccurrenceId	sourceTaxonId	sourceTaxonName	interactionTypeId	interactionTypeName	targetTaxonId	targetTaxonName	referenceDoi	referenceCitation	sourceBodyPartId	sourceBodyPartName	habitatId	habitatName	sourceLifeStageId	sourceLifeStageName	targetOccurrenceId	targetBodyPartId	targetBodyPartName	targetLifeStageId	targetLifeStageName	localityId	localityName	decimalLatitude	decimalLongitude	observationDateTime
1	GBIF:6346408	Ainsworthia zanthoxyli Bat. & C.A.A.Costa	RO:0002444	parasite of	5333413	Andromeda polifolia L.		Filippova, N., Thormann, M., others, 2015. The fungal consortium of Andromeda polifolia in bog habitats. Mires and Peat 16, 1.	http://purl.obolibrary.org/obo/FAO_0000010	fruitbody	http://purl.obolibrary.org/obo/ENVO_00002268	sphagnum bog				http://purl.obolibrary.org/obo/PO_0009025	vascular leaf			GEONAMES:1503772	Khanty-Mansiysk			
2	GBIF:2581424	Allantophomopsis cytisporea (Fr.) Petr.	RO:0002444	parasite of	5333413	Andromeda polifolia L.		Filippova, N., Thormann, M., others, 2015. The fungal consortium of Andromeda polifolia in bog habitats. Mires and Peat 16, 1.	http://purl.obolibrary.org/obo/FAO_0000010	fruitbody	http://purl.obolibrary.org/obo/ENVO_00002268	sphagnum bog				http://purl.obolibrary.org/obo/PO_0009025	vascular leaf			GEONAMES:1503772	Khanty-Mansiysk			
3	GBIF:6353458	Asteridium lepidigenum (Ellis) Sacc.	RO:0002444	parasite of	5333413	Andromeda polifolia L.		Filippova, N., Thormann, M., others, 2015. The fungal consortium of Andromeda polifolia in bog habitats. Mires and Peat 16, 1.	http://purl.obolibrary.org/obo/FAO_0000010	fruitbody	http://purl.obolibrary.org/obo/ENVO_00002268	sphagnum bog				http://purl.obolibrary.org/obo/PO_0009025	vascular leaf			GEONAMES:1503772	Khanty-Mansiysk			
4	GBIF:2598792	Asterina Lév., 1845	RO:0002444	parasite of	5333413	Andromeda polifolia L.		Filippova, N., Thormann, M., others, 2015. The fungal consortium of Andromeda polifolia in bog habitats. Mires and Peat 16, 1.	http://purl.obolibrary.org/obo/FAO_0000010	fruitbody	http://purl.obolibrary.org/obo/ENVO_00002268	sphagnum bog				http://purl.obolibrary.org/obo/PO_0009025	vascular leaf			GEONAMES:1503772	Khanty-Mansiysk			
5	GBIF:2561040	Bionectria ochroleuca (Schwein.) Schroers & Samuels	RO:0002454	has host	5333413	Andromeda polifolia L.		Filippova, N., Thormann, M., others, 2015. The fungal consortium of Andromeda polifolia in bog habitats. Mires and Peat 16, 1.	http://purl.obolibrary.org/obo/FAO_0000010	fruitbody	http://purl.obolibrary.org/obo/ENVO_00002268	sphagnum bog				http://purl.obolibrary.org/obo/PO_0009025	vascular leaf			GEONAMES:1503772	Khanty-Mansiysk			
6	GBIF:3372868	Chrysomyxa cassandrae (Gobi) Tranzschel	RO:0002444	parasite of	5333413	Andromeda polifolia L.		Filippova, N., Thormann, M., others, 2015. The fungal consortium of Andromeda polifolia in bog habitats. Mires and Peat 16, 1.	http://purl.obolibrary.org/obo/FAO_0000010	fruitbody	http://purl.obolibrary.org/obo/ENVO_00002268	sphagnum bog				http://purl.obolibrary.org/obo/PO_0009025	vascular leaf			GEONAMES:1503772	Khanty-Mansiysk			
7	GBIF:2518208	Cladosporium Link, 1816	RO:0002454	has host	5333413	Andromeda polifolia L.		Filippova, N., Thormann, M., others, 2015. The fungal consortium of Andromeda polifolia in bog habitats. Mires and Peat 16, 1.	http://purl.obolibrary.org/obo/FAO_0000010	fruitbody	http://purl.obolibrary.org/obo/ENVO_00002268	sphagnum bog				http://purl.obolibrary.org/obo/PO_0009025	vascular leaf			GEONAMES:1503772	Khanty-Mansiysk			
8	GBIF:2579287	Coccomyces duplicarioides Sherwood	RO:0002454	has host	5333413	Andromeda polifolia L.		Filippova, N., Thormann, M., others, 2015. The fungal consortium of Andromeda polifolia in bog habitats. Mires and Peat 16, 1.	http://purl.obolibrary.org/obo/FAO_0000010	fruitbody	http://purl.obolibrary.org/obo/ENVO_00002268	sphagnum bog				http://purl.obolibrary.org/obo/PO_0009025	vascular leaf			GEONAMES:1503772	Khanty-Mansiysk			
9	GBIF:3457810	Coniochaeta arctispora (Cooke & Ellis) M.E.Barr	RO:0002454	has host	5333413	Andromeda polifolia L.		Filippova, N., Thormann, M., others, 2015. The fungal consortium of Andromeda polifolia in bog habitats. Mires and Peat 16, 1.	http://purl.obolibrary.org/obo/FAO_0000010	fruitbody	http://purl.obolibrary.org/obo/ENVO_00002268	sphagnum bog				http://purl.obolibrary.org/obo/PO_0009025	vascular leaf			GEONAMES:1503772	Khanty-Mansiysk			
10	GBIF:2567626	Diaporthe eres Nitschke	RO:0002454	has host	5333413	Andromeda polifolia L.		Filippova, N., Thormann, M., others, 2015. The fungal consortium of Andromeda polifolia in bog habitats. Mires and Peat 16, 1.	http://purl.obolibrary.org/obo/FAO_0000010	fruitbody	http://purl.obolibrary.org/obo/ENVO_00002268	sphagnum bog				http://purl.obolibrary.org/obo/PO_0009025	vascular leaf			GEONAMES:1503772	Khanty-Mansiysk			
11	GBIF:2566075	Diaporthe Nitschke, 1870	RO:0002454	has host	5333413	Andromeda polifolia L.		Filippova, N., Thormann, M., others, 2015. The fungal consortium of Andromeda polifolia in bog habitats. Mires and Peat 16, 1.	http://purl.obolibrary.org/obo/FAO_0000010	fruitbody	http://purl.obolibrary.org/obo/ENVO_00002268	sphagnum bog				http://purl.obolibrary.org/obo/PO_0009025	vascular leaf			GEONAMES:1503772	Khanty-Mansiysk			
12	GBIF:2580943	Durandiella andromedae (Schwein.) J.W.Groves	RO:0002454	has host	5333413	Andromeda polifolia L.		Filippova, N., Thormann, M., others, 2015. The fungal consortium of Andromeda polifolia in bog habitats. Mires and Peat 16, 1.	http://purl.obolibrary.org/obo/FAO_0000010	fruitbody	http://purl.obolibrary.org/obo/ENVO_00002268	sphagnum bog				http://purl.obolibrary.org/obo/PO_0009025	vascular leaf			GEONAMES:1503772	Khanty-Mansiysk			
13	GBIF:3527062	Eudimeriolum andromedae (Rehm) M.E.Barr	RO:0002454	has host	5333413	Andromeda polifolia L.		Filippova, N., Thormann, M., others, 2015. The fungal consortium of Andromeda polifolia in bog habitats. Mires and Peat 16, 1.	http://purl.obolibrary.org/obo/FAO_0000010	fruitbody	http://purl.obolibrary.org/obo/ENVO_00002268	sphagnum bog				http://purl.obolibrary.org/obo/PO_0009025	vascular leaf			GEONAMES:1503772	Khanty-Mansiysk			
14	GBIF:5501923	Eupelte dothideoides (Ellis & Everh.) Arx & E.Müll.	RO:0002444	parasite of	5333413	Andromeda polifolia L.		Filippova, N., Thormann, M., others, 2015. The fungal consortium of Andromeda polifolia in bog habitats. Mires and Peat 16, 1.	http://purl.obolibrary.org/obo/FAO_0000010	fruitbody	http://purl.obolibrary.org/obo/ENVO_00002268	sphagnum bog				http://purl.obolibrary.org/obo/PO_0009025	vascular leaf			GEONAMES:1503772	Khanty-Mansiysk			
15	GBIF:2584252	Eupropolella vaccinii (Rehm) Höhn.	RO:0002454	has host	5333413	Andromeda polifolia L.		Filippova, N., Thormann, M., others, 2015. The fungal consortium of Andromeda polifolia in bog habitats. Mires and Peat 16, 1.	http://purl.obolibrary.org/obo/FAO_0000010	fruitbody	http://purl.obolibrary.org/obo/ENVO_00002268	sphagnum bog				http://purl.obolibrary.org/obo/PO_0009025	vascular leaf			GEONAMES:1503772	Khanty-Mansiysk			
16	GBIF:2513222	Exobasidium karstenii Sacc. & Trotter	RO:0002444	parasite of	5333413	Andromeda polifolia L.		Filippova, N., Thormann, M., others, 2015. The fungal consortium of Andromeda polifolia in bog habitats. Mires and Peat 16, 1.	http://purl.obolibrary.org/obo/FAO_0000010	fruitbody	http://purl.obolibrary.org/obo/ENVO_00002268	sphagnum bog				http://purl.obolibrary.org/obo/PO_0009025	vascular leaf			GEONAMES:1503772	Khanty-Mansiysk			
17	GBIF:2513232	Exobasidium sundstroemii Nannf.	RO:0002444	parasite of	5333413	Andromeda polifolia L.		Filippova, N., Thormann, M., others, 2015. The fungal consortium of Andromeda polifolia in bog habitats. Mires and Peat 16, 1.	http://purl.obolibrary.org/obo/FAO_0000010	fruitbody	http://purl.obolibrary.org/obo/ENVO_00002268	sphagnum bog				http://purl.obolibrary.org/obo/PO_0009025	vascular leaf			GEONAMES:1503772	Khanty-Mansiysk			
18	GBIF:9589545	Exobasidium vaccinii (Fuckel) Woronin	RO:0002444	parasite of	5333413	Andromeda polifolia L.		Filippova, N., Thormann, M., others, 2015. The fungal consortium of Andromeda polifolia in bog habitats. Mires and Peat 16, 1.	http://purl.obolibrary.org/obo/FAO_0000010	fruitbody	http://purl.obolibrary.org/obo/ENVO_00002268	sphagnum bog				http://purl.obolibrary.org/obo/PO_0009025	vascular leaf			GEONAMES:1503772	Khanty-Mansiysk			
19	GBIF:8414854	Exobasidium vaccinii var. vaccinii	RO:0002444	parasite of	5333413	Andromeda polifolia L.		Filippova, N., Thormann, M., others, 2015. The fungal consortium of Andromeda polifolia in bog habitats. Mires and Peat 16, 1.	http://purl.obolibrary.org/obo/FAO_0000010	fruitbody	http://purl.obolibrary.org/obo/ENVO_00002268	sphagnum bog				http://purl.obolibrary.org/obo/PO_0009025	vascular leaf			GEONAMES:1503772	Khanty-Mansiysk			
20	GBIF:2616522	Extrawettsteinina andromedae (Auersw.) M.E.Barr	RO:0002454	has host	5333413	Andromeda polifolia L.		Filippova, N., Thormann, M., others, 2015. The fungal consortium of Andromeda polifolia in bog habitats. Mires and Peat 16, 1.	http://purl.obolibrary.org/obo/FAO_0000010	fruitbody	http://purl.obolibrary.org/obo/ENVO_00002268	sphagnum bog				http://purl.obolibrary.org/obo/PO_0009025	vascular leaf			GEONAMES:1503772	Khanty-Mansiysk			
21	GBIF:2617633	Gibbera andromedae (Rehm) E.Müll. & Arx	RO:0002444	parasite of	5333413	Andromeda polifolia L.		Filippova, N., Thormann, M., others, 2015. The fungal consortium of Andromeda polifolia in bog habitats. Mires and Peat 16, 1.	http://purl.obolibrary.org/obo/FAO_0000010	fruitbody	http://purl.obolibrary.org/obo/ENVO_00002268	sphagnum bog				http://purl.obolibrary.org/obo/PO_0009025	vascular leaf			GEONAMES:1503772	Khanty-Mansiysk			
22	GBIF:3486762	Godronia andromedae Henn.	RO:0002454	has host	5333413	Andromeda polifolia L.		Filippova, N., Thormann, M., others, 2015. The fungal consortium of Andromeda polifolia in bog habitats. Mires and Peat 16, 1.	http://purl.obolibrary.org/obo/FAO_0000010	fruitbody	http://purl.obolibrary.org/obo/ENVO_00002268	sphagnum bog				http://purl.obolibrary.org/obo/PO_0009025	vascular leaf			GEONAMES:1503772	Khanty-Mansiysk			
23	GBIF:2582912	Godronia cassandrae Peck	RO:0002454	has host	5333413	Andromeda polifolia L.		Filippova, N., Thormann, M., others, 2015. The fungal consortium of Andromeda polifolia in bog habitats. Mires and Peat 16, 1.	http://purl.obolibrary.org/obo/FAO_0000010	fruitbody	http://purl.obolibrary.org/obo/ENVO_00002268	sphagnum bog				http://purl.obolibrary.org/obo/PO_0009025	vascular leaf			GEONAMES:1503772	Khanty-Mansiysk			
24	GBIF:7859722	Godronia cassandrae var. cassandrae	RO:0002454	has host	5333413	Andromeda polifolia L.		Filippova, N., Thormann, M., others, 2015. The fungal consortium of Andromeda polifolia in bog habitats. Mires and Peat 16, 1.	http://purl.obolibrary.org/obo/FAO_0000010	fruitbody	http://purl.obolibrary.org/obo/ENVO_00002268	sphagnum bog				http://purl.obolibrary.org/obo/PO_0009025	vascular leaf			GEONAMES:1503772	Khanty-Mansiysk			
25	GBIF:2519748	Hymenochaete agglutinans Ellis	RO:0002454	has host	5333413	Andromeda polifolia L.		Filippova, N., Thormann, M., others, 2015. The fungal consortium of Andromeda polifolia in bog habitats. Mires and Peat 16, 1.	http://purl.obolibrary.org/obo/FAO_0000010	fruitbody	http://purl.obolibrary.org/obo/ENVO_00002268	sphagnum bog				http://purl.obolibrary.org/obo/PO_0009025	vascular leaf			GEONAMES:1503772	Khanty-Mansiysk			
26	GBIF:2565677	Jattaea microtheca (Cooke & Ellis) Berl.	RO:0002454	has host	5333413	Andromeda polifolia L.		Filippova, N., Thormann, M., others, 2015. The fungal consortium of Andromeda polifolia in bog habitats. Mires and Peat 16, 1.	http://purl.obolibrary.org/obo/FAO_0000010	fruitbody	http://purl.obolibrary.org/obo/ENVO_00002268	sphagnum bog				http://purl.obolibrary.org/obo/PO_0009025	vascular leaf			GEONAMES:1503772	Khanty-Mansiysk			
27	GBIF:3489179	Lachnum fuscidulum (Cooke) Raitv.	RO:0002454	has host	5333413	Andromeda polifolia L.		Filippova, N., Thormann, M., others, 2015. The fungal consortium of Andromeda polifolia in bog habitats. Mires and Peat 16, 1.	http://purl.obolibrary.org/obo/FAO_0000010	fruitbody	http://purl.obolibrary.org/obo/ENVO_00002268	sphagnum bog				http://purl.obolibrary.org/obo/PO_0009025	vascular leaf			GEONAMES:1503772	Khanty-Mansiysk			
28	GBIF:5496093	Lambertella langei T.Schumach. & Holøs	RO:0002454	has host	5333413	Andromeda polifolia L.		Filippova, N., Thormann, M., others, 2015. The fungal consortium of Andromeda polifolia in bog habitats. Mires and Peat 16, 1.	http://purl.obolibrary.org/obo/FAO_0000010	fruitbody	http://purl.obolibrary.org/obo/ENVO_00002268	sphagnum bog				http://purl.obolibrary.org/obo/PO_0009025	vascular leaf			GEONAMES:1503772	Khanty-Mansiysk			
29	GBIF:2614219	Leptosphaerulina hyperborea (Fuckel) M.E.Barr	RO:0002454	has host	5333413	Andromeda polifolia L.		Filippova, N., Thormann, M., others, 2015. The fungal consortium of Andromeda polifolia in bog habitats. Mires and Peat 16, 1.	http://purl.obolibrary.org/obo/FAO_0000010	fruitbody	http://purl.obolibrary.org/obo/ENVO_00002268	sphagnum bog				http://purl.obolibrary.org/obo/PO_0009025	vascular leaf			GEONAMES:1503772	Khanty-Mansiysk			
30	GBIF:2579618	Lophodermium intermissum Starbäck	RO:0002454	has host	5333413	Andromeda polifolia L.		Filippova, N., Thormann, M., others, 2015. The fungal consortium of Andromeda polifolia in bog habitats. Mires and Peat 16, 1.	http://purl.obolibrary.org/obo/FAO_0000010	fruitbody	http://purl.obolibrary.org/obo/ENVO_00002268	sphagnum bog				http://purl.obolibrary.org/obo/PO_0009025	vascular leaf			GEONAMES:1503772	Khanty-Mansiysk			
31	GBIF:3535032	Massarina clypeata (Petr.) E.Müll.	RO:0002454	has host	5333413	Andromeda polifolia L.		Filippova, N., Thormann, M., others, 2015. The fungal consortium of Andromeda polifolia in bog habitats. Mires and Peat 16, 1.	http://purl.obolibrary.org/obo/FAO_0000010	fruitbody	http://purl.obolibrary.org/obo/ENVO_00002268	sphagnum bog				http://purl.obolibrary.org/obo/PO_0009025	vascular leaf			GEONAMES:1503772	Khanty-Mansiysk			
32	GBIF:8307035	Microsphaera alni var. vaccinii (Schwein.) E.S.Salmon	RO:0002444	parasite of	5333413	Andromeda polifolia L.		Filippova, N., Thormann, M., others, 2015. The fungal consortium of Andromeda polifolia in bog habitats. Mires and Peat 16, 1.	http://purl.obolibrary.org/obo/FAO_0000010	fruitbody	http://purl.obolibrary.org/obo/ENVO_00002268	sphagnum bog				http://purl.obolibrary.org/obo/PO_0009025	vascular leaf			GEONAMES:1503772	Khanty-Mansiysk			
33	GBIF:2622256	Mycosphaerella minor (P.Karst.) Johanson	RO:0002454	has host	5333413	Andromeda polifolia L.		Filippova, N., Thormann, M., others, 2015. The fungal consortium of Andromeda polifolia in bog habitats. Mires and Peat 16, 1.	http://purl.obolibrary.org/obo/FAO_0000010	fruitbody	http://purl.obolibrary.org/obo/ENVO_00002268	sphagnum bog				http://purl.obolibrary.org/obo/PO_0009025	vascular leaf			GEONAMES:1503772	Khanty-Mansiysk			
34	GBIF:3505531	Mycosphaerella polifoliae (Ellis & Everh.) Bubák	RO:0002454	has host	5333413	Andromeda polifolia L.		Filippova, N., Thormann, M., others, 2015. The fungal consortium of Andromeda polifolia in bog habitats. Mires and Peat 16, 1.	http://purl.obolibrary.org/obo/FAO_0000010	fruitbody	http://purl.obolibrary.org/obo/ENVO_00002268	sphagnum bog				http://purl.obolibrary.org/obo/PO_0009025	vascular leaf			GEONAMES:1503772	Khanty-Mansiysk			
35	GBIF:2621860	Mycosphaerella vaccinii (Cooke) J.Schröt.	RO:0002454	has host	5333413	Andromeda polifolia L.		Filippova, N., Thormann, M., others, 2015. The fungal consortium of Andromeda polifolia in bog habitats. Mires and Peat 16, 1.	http://purl.obolibrary.org/obo/FAO_0000010	fruitbody	http://purl.obolibrary.org/obo/ENVO_00002268	sphagnum bog				http://purl.obolibrary.org/obo/PO_0009025	vascular leaf			GEONAMES:1503772	Khanty-Mansiysk			
36	GBIF:2572030	Ophiodothella ferruginea (Ellis & G.Martin) M.E.Barr	RO:0002444	parasite of	5333413	Andromeda polifolia L.		Filippova, N., Thormann, M., others, 2015. The fungal consortium of Andromeda polifolia in bog habitats. Mires and Peat 16, 1.	http://purl.obolibrary.org/obo/FAO_0000010	fruitbody	http://purl.obolibrary.org/obo/ENVO_00002268	sphagnum bog				http://purl.obolibrary.org/obo/PO_0009025	vascular leaf			GEONAMES:1503772	Khanty-Mansiysk			
37	GBIF:2513988	Phoma Sacc., 1880	RO:0002454	has host	5333413	Andromeda polifolia L.		Filippova, N., Thormann, M., others, 2015. The fungal consortium of Andromeda polifolia in bog habitats. Mires and Peat 16, 1.	http://purl.obolibrary.org/obo/FAO_0000010	fruitbody	http://purl.obolibrary.org/obo/ENVO_00002268	sphagnum bog				http://purl.obolibrary.org/obo/PO_0009025	vascular leaf			GEONAMES:1503772	Khanty-Mansiysk			
38	GBIF:3463761	Physalospora hyperborea Bäumler	RO:0002454	has host	5333413	Andromeda polifolia L.		Filippova, N., Thormann, M., others, 2015. The fungal consortium of Andromeda polifolia in bog habitats. Mires and Peat 16, 1.	http://purl.obolibrary.org/obo/FAO_0000010	fruitbody	http://purl.obolibrary.org/obo/ENVO_00002268	sphagnum bog				http://purl.obolibrary.org/obo/PO_0009025	vascular leaf			GEONAMES:1503772	Khanty-Mansiysk			
39	GBIF:2575634	Physalospora vaccinii (Shear) Arx & E.Müll.	RO:0002454	has host	5333413	Andromeda polifolia L.		Filippova, N., Thormann, M., others, 2015. The fungal consortium of Andromeda polifolia in bog habitats. Mires and Peat 16, 1.	http://purl.obolibrary.org/obo/FAO_0000010	fruitbody	http://purl.obolibrary.org/obo/ENVO_00002268	sphagnum bog				http://purl.obolibrary.org/obo/PO_0009025	vascular leaf			GEONAMES:1503772	Khanty-Mansiysk			
40	GBIF:2617551	Protoventuria alpina (Sacc.) M.E.Barr	RO:0002444	parasite of	5333413	Andromeda polifolia L.		Filippova, N., Thormann, M., others, 2015. The fungal consortium of Andromeda polifolia in bog habitats. Mires and Peat 16, 1.	http://purl.obolibrary.org/obo/FAO_0000010	fruitbody	http://purl.obolibrary.org/obo/ENVO_00002268	sphagnum bog				http://purl.obolibrary.org/obo/PO_0009025	vascular leaf			GEONAMES:1503772	Khanty-Mansiysk			
41	GBIF:2513169	Ramularia Unger, 1833	RO:0002454	has host	5333413	Andromeda polifolia L.		Filippova, N., Thormann, M., others, 2015. The fungal consortium of Andromeda polifolia in bog habitats. Mires and Peat 16, 1.	http://purl.obolibrary.org/obo/FAO_0000010	fruitbody	http://purl.obolibrary.org/obo/ENVO_00002268	sphagnum bog				http://purl.obolibrary.org/obo/PO_0009025	vascular leaf			GEONAMES:1503772	Khanty-Mansiysk			
42	GBIF:8612683	Rhizoctonia DC.	RO:0002444	parasite of	5333413	Andromeda polifolia L.		Filippova, N., Thormann, M., others, 2015. The fungal consortium of Andromeda polifolia in bog habitats. Mires and Peat 16, 1.	http://purl.obolibrary.org/obo/FAO_0000010	fruitbody	http://purl.obolibrary.org/obo/ENVO_00002268	sphagnum bog				http://purl.obolibrary.org/obo/PO_0009025	vascular leaf			GEONAMES:1503772	Khanty-Mansiysk			
43	GBIF:5255536	Rhytisma andromedae (Pers.) Fr.	RO:0002444	parasite of	5333413	Andromeda polifolia L.		Filippova, N., Thormann, M., others, 2015. The fungal consortium of Andromeda polifolia in bog habitats. Mires and Peat 16, 1.	http://purl.obolibrary.org/obo/FAO_0000010	fruitbody	http://purl.obolibrary.org/obo/ENVO_00002268	sphagnum bog				http://purl.obolibrary.org/obo/PO_0009025	vascular leaf			GEONAMES:1503772	Khanty-Mansiysk			
44	GBIF:2579072	Schizoxylon Pers.	RO:0002454	has host	5333413	Andromeda polifolia L.		Filippova, N., Thormann, M., others, 2015. The fungal consortium of Andromeda polifolia in bog habitats. Mires and Peat 16, 1.	http://purl.obolibrary.org/obo/FAO_0000010	fruitbody	http://purl.obolibrary.org/obo/ENVO_00002268	sphagnum bog				http://purl.obolibrary.org/obo/PO_0009025	vascular leaf			GEONAMES:1503772	Khanty-Mansiysk			
45	GBIF:2513058	Sphaeria Haller, 1768	RO:0002454	has host	5333413	Andromeda polifolia L.		Filippova, N., Thormann, M., others, 2015. The fungal consortium of Andromeda polifolia in bog habitats. Mires and Peat 16, 1.	http://purl.obolibrary.org/obo/FAO_0000010	fruitbody	http://purl.obolibrary.org/obo/ENVO_00002268	sphagnum bog				http://purl.obolibrary.org/obo/PO_0009025	vascular leaf			GEONAMES:1503772	Khanty-Mansiysk			
46	GBIF:2513058	Sphaeria Haller, 1768	RO:0002454	has host	5333413	Andromeda polifolia L.		Filippova, N., Thormann, M., others, 2015. The fungal consortium of Andromeda polifolia in bog habitats. Mires and Peat 16, 1.	http://purl.obolibrary.org/obo/FAO_0000010	fruitbody	http://purl.obolibrary.org/obo/ENVO_00002268	sphagnum bog				http://purl.obolibrary.org/obo/PO_0009025	vascular leaf			GEONAMES:1503772	Khanty-Mansiysk			
47	GBIF:2569620	Sphaeria xylariispora Cooke & Ellis	RO:0002454	has host	5333413	Andromeda polifolia L.		Filippova, N., Thormann, M., others, 2015. The fungal consortium of Andromeda polifolia in bog habitats. Mires and Peat 16, 1.	http://purl.obolibrary.org/obo/FAO_0000010	fruitbody	http://purl.obolibrary.org/obo/ENVO_00002268	sphagnum bog				http://purl.obolibrary.org/obo/PO_0009025	vascular leaf			GEONAMES:1503772	Khanty-Mansiysk			
48	GBIF:2553099	Stereum ochraceoflavum (Schwein.) Sacc.	RO:0002454	has host	5333413	Andromeda polifolia L.		Filippova, N., Thormann, M., others, 2015. The fungal consortium of Andromeda polifolia in bog habitats. Mires and Peat 16, 1.	http://purl.obolibrary.org/obo/FAO_0000010	fruitbody	http://purl.obolibrary.org/obo/ENVO_00002268	sphagnum bog				http://purl.obolibrary.org/obo/PO_0009025	vascular leaf			GEONAMES:1503772	Khanty-Mansiysk			
49	GBIF:5468962	Synchytrium vaccinii F.Thomas	RO:0002444	parasite of	5333413	Andromeda polifolia L.		Filippova, N., Thormann, M., others, 2015. The fungal consortium of Andromeda polifolia in bog habitats. Mires and Peat 16, 1.	http://purl.obolibrary.org/obo/FAO_0000010	fruitbody	http://purl.obolibrary.org/obo/ENVO_00002268	sphagnum bog				http://purl.obolibrary.org/obo/PO_0009025	vascular leaf			GEONAMES:1503772	Khanty-Mansiysk			
50	GBIF:9172060	Valsa ceratosperma (Tode) Maire	RO:0002454	has host	5333413	Andromeda polifolia L.		Filippova, N., Thormann, M., others, 2015. The fungal consortium of Andromeda polifolia in bog habitats. Mires and Peat 16, 1.	http://purl.obolibrary.org/obo/FAO_0000010	fruitbody	http://purl.obolibrary.org/obo/ENVO_00002268	sphagnum bog				http://purl.obolibrary.org/obo/PO_0009025	vascular leaf			GEONAMES:1503772	Khanty-Mansiysk			
51	GBIF:2565690	Valsa Fr.	RO:0002454	has host	5333413	Andromeda polifolia L.		Filippova, N., Thormann, M., others, 2015. The fungal consortium of Andromeda polifolia in bog habitats. Mires and Peat 16, 1.	http://purl.obolibrary.org/obo/FAO_0000010	fruitbody	http://purl.obolibrary.org/obo/ENVO_00002268	sphagnum bog				http://purl.obolibrary.org/obo/PO_0009025	vascular leaf			GEONAMES:1503772	Khanty-Mansiysk			
52	GBIF:2560762	Venturia Sacc., 1882	RO:0002444	parasite of	5333413	Andromeda polifolia L.		Filippova, N., Thormann, M., others, 2015. The fungal consortium of Andromeda polifolia in bog habitats. Mires and Peat 16, 1.	http://purl.obolibrary.org/obo/FAO_0000010	fruitbody	http://purl.obolibrary.org/obo/ENVO_00002268	sphagnum bog				http://purl.obolibrary.org/obo/PO_0009025	vascular leaf			GEONAMES:1503772	Khanty-Mansiysk			
53	GBIF:5262886	Venturia cassandrae Peck	RO:0002444	parasite of	5333413	Andromeda polifolia L.		Filippova, N., Thormann, M., others, 2015. The fungal consortium of Andromeda polifolia in bog habitats. Mires and Peat 16, 1.	http://purl.obolibrary.org/obo/FAO_0000010	fruitbody	http://purl.obolibrary.org/obo/ENVO_00002268	sphagnum bog				http://purl.obolibrary.org/obo/PO_0009025	vascular leaf			GEONAMES:1503772	Khanty-Mansiysk			
54	GBIF:8863553	Venturia macularis (Fr.) E.Müll. & Arx	RO:0002444	parasite of	5333413	Andromeda polifolia L.		Filippova, N., Thormann, M., others, 2015. The fungal consortium of Andromeda polifolia in bog habitats. Mires and Peat 16, 1.	http://purl.obolibrary.org/obo/FAO_0000010	fruitbody	http://purl.obolibrary.org/obo/ENVO_00002268	sphagnum bog				http://purl.obolibrary.org/obo/PO_0009025	vascular leaf			GEONAMES:1503772	Khanty-Mansiysk			
55	GBIF:2560762	Venturia Sacc., 1882	RO:0002444	parasite of	5333413	Andromeda polifolia L.		Filippova, N., Thormann, M., others, 2015. The fungal consortium of Andromeda polifolia in bog habitats. Mires and Peat 16, 1.	http://purl.obolibrary.org/obo/FAO_0000010	fruitbody	http://purl.obolibrary.org/obo/ENVO_00002268	sphagnum bog				http://purl.obolibrary.org/obo/PO_0009025	vascular leaf			GEONAMES:1503772	Khanty-Mansiysk			
56	GBIF:3487592	Xylogramma mauriatrum (Cooke & Ellis) Kutorga & D.Hawksw.	RO:0002454	has host	5333413	Andromeda polifolia L.		Filippova, N., Thormann, M., others, 2015. The fungal consortium of Andromeda polifolia in bog habitats. Mires and Peat 16, 1.	http://purl.obolibrary.org/obo/FAO_0000010	fruitbody	http://purl.obolibrary.org/obo/ENVO_00002268	sphagnum bog				http://purl.obolibrary.org/obo/PO_0009025	vascular leaf			GEONAMES:1503772	Khanty-Mansiysk			
57	GBIF:2513232	Exobasidium sundstroemii Nannf.	RO:0002444	parasite of	5333413	Andromeda polifolia L.		Filippova, N., Thormann, M., others, 2015. The fungal consortium of Andromeda polifolia in bog habitats. Mires and Peat 16, 1.	http://purl.obolibrary.org/obo/FAO_0000010	fruitbody	http://purl.obolibrary.org/obo/ENVO_00002268	sphagnum bog				http://purl.obolibrary.org/obo/PO_0009025	vascular leaf			GEONAMES:1503772	Khanty-Mansiysk	60.89191	68.68228	
58	GBIF:2579287	Coccomyces duplicarioides Sherwood	RO:0002454	has host	5333413	Andromeda polifolia L.		Filippova, N., Thormann, M., others, 2015. The fungal consortium of Andromeda polifolia in bog habitats. Mires and Peat 16, 1.	http://purl.obolibrary.org/obo/FAO_0000010	fruitbody	http://purl.obolibrary.org/obo/ENVO_00002268	sphagnum bog				http://purl.obolibrary.org/obo/PO_0009025	vascular leaf			GEONAMES:1503772	Khanty-Mansiysk	60.89191	68.68228	
59	GBIF:5255536	Rhytisma andromedae (Pers.) Fr.	RO:0002444	parasite of	5333413	Andromeda polifolia L.		Filippova, N., Thormann, M., others, 2015. The fungal consortium of Andromeda polifolia in bog habitats. Mires and Peat 16, 1.	http://purl.obolibrary.org/obo/FAO_0000010	fruitbody	http://purl.obolibrary.org/obo/ENVO_00002268	sphagnum bog				http://purl.obolibrary.org/obo/PO_0009025	vascular leaf			GEONAMES:1503772	Khanty-Mansiysk	60.89191	68.68228	
60	GBIF:5255536	Rhytisma andromedae (Pers.) Fr.	RO:0002444	parasite of	11104128	Oxycoccus palustris Pers.		Filippova, N., Thormann, M., others, 2015. The fungal consortium of Andromeda polifolia in bog habitats. Mires and Peat 16, 1.	http://purl.obolibrary.org/obo/FAO_0000010	fruitbody	http://purl.obolibrary.org/obo/ENVO_00002268	sphagnum bog				http://purl.obolibrary.org/obo/PO_0009025	vascular leaf			GEONAMES:1503772	Khanty-Mansiysk	60.89191	68.68228	
61	GBIF:8382	Hyaloscyphaceae	RO:0002454	has host	5333413	Andromeda polifolia L.		Filippova, N., Thormann, M., others, 2015. The fungal consortium of Andromeda polifolia in bog habitats. Mires and Peat 16, 1.	http://purl.obolibrary.org/obo/FAO_0000010	fruitbody	http://purl.obolibrary.org/obo/ENVO_00002268	sphagnum bog				http://purl.obolibrary.org/obo/PO_0009025	vascular leaf			GEONAMES:1503772	Khanty-Mansiysk	60.89191	68.68228	
62	GBIF:2561289	Mollisia (Fr.) P.Karst., 1871	RO:0002454	has host	5333413	Andromeda polifolia L.		Filippova, N., Thormann, M., others, 2015. The fungal consortium of Andromeda polifolia in bog habitats. Mires and Peat 16, 1.	http://purl.obolibrary.org/obo/FAO_0000010	fruitbody	http://purl.obolibrary.org/obo/ENVO_00002268	sphagnum bog				http://purl.obolibrary.org/obo/PO_0009025	vascular leaf			GEONAMES:1503772	Khanty-Mansiysk	60.89191	68.68228	
63	GBIF:8551461	Hyaloscypha leuconica (Cooke ex Stev.) Nannf.	RO:0002454	has host	5333413	Andromeda polifolia L.		Filippova, N., Thormann, M., others, 2015. The fungal consortium of Andromeda polifolia in bog habitats. Mires and Peat 16, 1.	http://purl.obolibrary.org/obo/FAO_0000010	fruitbody	http://purl.obolibrary.org/obo/ENVO_00002268	sphagnum bog				http://purl.obolibrary.org/obo/PO_0009025	vascular leaf			GEONAMES:1503772	Khanty-Mansiysk	60.89191	68.68228	
64	GBIF:8551461	Hyaloscypha leuconica (Cooke ex Stev.) Nannf.	RO:0002454	has host	5332004	Betula nana L.		Filippova, N., Thormann, M., others, 2015. The fungal consortium of Andromeda polifolia in bog habitats. Mires and Peat 16, 1.	http://purl.obolibrary.org/obo/FAO_0000010	fruitbody	http://purl.obolibrary.org/obo/ENVO_00002268	sphagnum bog				http://purl.obolibrary.org/obo/PO_0009025	vascular leaf			GEONAMES:1503772	Khanty-Mansiysk	60.89191	68.68228	
65	GBIF:8551461	Hyaloscypha leuconica (Cooke ex Stev.) Nannf.	RO:0002454	has host	5333436	Chamaedaphne calyculata (L.) Moench		Filippova, N., Thormann, M., others, 2015. The fungal consortium of Andromeda polifolia in bog habitats. Mires and Peat 16, 1.	http://purl.obolibrary.org/obo/FAO_0000010	fruitbody	http://purl.obolibrary.org/obo/ENVO_00002268	sphagnum bog				http://purl.obolibrary.org/obo/PO_0009025	vascular leaf			GEONAMES:1503772	Khanty-Mansiysk	60.89191	68.68228	
66	GBIF:8551461	Hyaloscypha leuconica (Cooke ex Stev.) Nannf.	RO:0002454	has host	11104128	Oxycoccus palustris Pers.		Filippova, N., Thormann, M., others, 2015. The fungal consortium of Andromeda polifolia in bog habitats. Mires and Peat 16, 1.	http://purl.obolibrary.org/obo/FAO_0000010	fruitbody	http://purl.obolibrary.org/obo/ENVO_00002268	sphagnum bog				http://purl.obolibrary.org/obo/PO_0009025	vascular leaf			GEONAMES:1503772	Khanty-Mansiysk	60.89191	68.68228	
67	GBIF:2577759	Lophodermium Chevall., 1826	RO:0002454	has host	5333413	Andromeda polifolia L.		Filippova, N., Thormann, M., others, 2015. The fungal consortium of Andromeda polifolia in bog habitats. Mires and Peat 16, 1.	http://purl.obolibrary.org/obo/FAO_0000010	fruitbody	http://purl.obolibrary.org/obo/ENVO_00002268	sphagnum bog				http://purl.obolibrary.org/obo/PO_0009025	vascular leaf			GEONAMES:1503772	Khanty-Mansiysk	60.89191	68.68228	
68	GBIF:2577759	Lophodermium Chevall., 1826	RO:0002454	has host	5333436	Chamaedaphne calyculata (L.) Moench		Filippova, N., Thormann, M., others, 2015. The fungal consortium of Andromeda polifolia in bog habitats. Mires and Peat 16, 1.	http://purl.obolibrary.org/obo/FAO_0000010	fruitbody	http://purl.obolibrary.org/obo/ENVO_00002268	sphagnum bog				http://purl.obolibrary.org/obo/PO_0009025	vascular leaf			GEONAMES:1503772	Khanty-Mansiysk	60.89191	68.68228	
69	GBIF:8108750	Lophodermium sphaerioides (Alb. & Schwein.) Rehm	RO:0002454	has host	5333413	Andromeda polifolia L.		Filippova, N., Thormann, M., others, 2015. The fungal consortium of Andromeda polifolia in bog habitats. Mires and Peat 16, 1.	http://purl.obolibrary.org/obo/FAO_0000010	fruitbody	http://purl.obolibrary.org/obo/ENVO_00002268	sphagnum bog				http://purl.obolibrary.org/obo/PO_0009025	vascular leaf			GEONAMES:1503772	Khanty-Mansiysk	60.89191	68.68228	
70	GBIF:8108750	Lophodermium sphaerioides (Alb. & Schwein.) Rehm	RO:0002454	has host	11104128	Oxycoccus palustris Pers.		Filippova, N., Thormann, M., others, 2015. The fungal consortium of Andromeda polifolia in bog habitats. Mires and Peat 16, 1.	http://purl.obolibrary.org/obo/FAO_0000010	fruitbody	http://purl.obolibrary.org/obo/ENVO_00002268	sphagnum bog				http://purl.obolibrary.org/obo/PO_0009025	vascular leaf			GEONAMES:1503772	Khanty-Mansiysk	60.89191	68.68228	
71	GBIF:8108750	Lophodermium sphaerioides (Alb. & Schwein.) Rehm	RO:0002454	has host	2882977	Ledum palustre L.		Filippova, N., Thormann, M., others, 2015. The fungal consortium of Andromeda polifolia in bog habitats. Mires and Peat 16, 1.	http://purl.obolibrary.org/obo/FAO_0000010	fruitbody	http://purl.obolibrary.org/obo/ENVO_00002268	sphagnum bog				http://purl.obolibrary.org/obo/PO_0009025	vascular leaf			GEONAMES:1503772	Khanty-Mansiysk	60.89191	68.68228	
72	GBIF:2582912	Godronia cassandrae Peck	RO:0002454	has host	5333413	Andromeda polifolia L.		Filippova, N., Thormann, M., others, 2015. The fungal consortium of Andromeda polifolia in bog habitats. Mires and Peat 16, 1.	http://purl.obolibrary.org/obo/FAO_0000010	fruitbody	http://purl.obolibrary.org/obo/ENVO_00002268	sphagnum bog				http://purl.obolibrary.org/obo/PO_0009025	vascular leaf			GEONAMES:1503772	Khanty-Mansiysk	60.89191	68.68228	
73	GBIF:2582912	Godronia cassandrae Peck	RO:0002454	has host	5333436	Chamaedaphne calyculata (L.) Moench		Filippova, N., Thormann, M., others, 2015. The fungal consortium of Andromeda polifolia in bog habitats. Mires and Peat 16, 1.	http://purl.obolibrary.org/obo/FAO_0000010	fruitbody	http://purl.obolibrary.org/obo/ENVO_00002268	sphagnum bog				http://purl.obolibrary.org/obo/PO_0009025	vascular leaf			GEONAMES:1503772	Khanty-Mansiysk	60.89191	68.68228	
74	GBIF:2582912	Godronia cassandrae Peck	RO:0002454	has host	2882977	Ledum palustre L.		Filippova, N., Thormann, M., others, 2015. The fungal consortium of Andromeda polifolia in bog habitats. Mires and Peat 16, 1.	http://purl.obolibrary.org/obo/FAO_0000010	fruitbody	http://purl.obolibrary.org/obo/ENVO_00002268	sphagnum bog				http://purl.obolibrary.org/obo/PO_0009025	vascular leaf			GEONAMES:1503772	Khanty-Mansiysk	60.89191	68.68228	
75	GBIF:3489487	Hyalopeziza tianschanica Raitv.	RO:0002454	has host	5333413	Andromeda polifolia L.		Filippova, N., Thormann, M., others, 2015. The fungal consortium of Andromeda polifolia in bog habitats. Mires and Peat 16, 1.	http://purl.obolibrary.org/obo/FAO_0000010	fruitbody	http://purl.obolibrary.org/obo/ENVO_00002268	sphagnum bog				http://purl.obolibrary.org/obo/PO_0009025	vascular leaf			GEONAMES:1503772	Khanty-Mansiysk	60.89191	68.68228	
76	GBIF:3489487	Hyalopeziza tianschanica Raitv.	RO:0002454	has host	5332004	Betula nana L.		Filippova, N., Thormann, M., others, 2015. The fungal consortium of Andromeda polifolia in bog habitats. Mires and Peat 16, 1.	http://purl.obolibrary.org/obo/FAO_0000010	fruitbody	http://purl.obolibrary.org/obo/ENVO_00002268	sphagnum bog				http://purl.obolibrary.org/obo/PO_0009025	vascular leaf			GEONAMES:1503772	Khanty-Mansiysk	60.89191	68.68228	
77	GBIF:2581826	Allophylaria basalifusca Graddon	RO:0002454	has host	5333413	Andromeda polifolia L.		Filippova, N., Thormann, M., others, 2015. The fungal consortium of Andromeda polifolia in bog habitats. Mires and Peat 16, 1.	http://purl.obolibrary.org/obo/FAO_0000010	fruitbody	http://purl.obolibrary.org/obo/ENVO_00002268	sphagnum bog				http://purl.obolibrary.org/obo/PO_0009025	vascular leaf			GEONAMES:1503772	Khanty-Mansiysk	60.89191	68.68228	
78	GBIF:2581826	Allophylaria basalifusca Graddon	RO:0002454	has host	5332004	Betula nana L.		Filippova, N., Thormann, M., others, 2015. The fungal consortium of Andromeda polifolia in bog habitats. Mires and Peat 16, 1.	http://purl.obolibrary.org/obo/FAO_0000010	fruitbody	http://purl.obolibrary.org/obo/ENVO_00002268	sphagnum bog				http://purl.obolibrary.org/obo/PO_0009025	vascular leaf			GEONAMES:1503772	Khanty-Mansiysk	60.89191	68.68228	
79	GBIF:2581826	Allophylaria basalifusca Graddon	RO:0002454	has host	11104128	Oxycoccus palustris Pers.		Filippova, N., Thormann, M., others, 2015. The fungal consortium of Andromeda polifolia in bog habitats. Mires and Peat 16, 1.	http://purl.obolibrary.org/obo/FAO_0000010	fruitbody	http://purl.obolibrary.org/obo/ENVO_00002268	sphagnum bog				http://purl.obolibrary.org/obo/PO_0009025	vascular leaf			GEONAMES:1503772	Khanty-Mansiysk	60.89191	68.68228	
80	GBIF:3489641	Hyaloscypha secalina var. paludicola Huhtinen	RO:0002454	has host	5333413	Andromeda polifolia L.		Filippova, N., Thormann, M., others, 2015. The fungal consortium of Andromeda polifolia in bog habitats. Mires and Peat 16, 1.	http://purl.obolibrary.org/obo/FAO_0000010	fruitbody	http://purl.obolibrary.org/obo/ENVO_00002268	sphagnum bog				http://purl.obolibrary.org/obo/PO_0009025	vascular leaf			GEONAMES:1503772	Khanty-Mansiysk	60.89191	68.68228	
81	GBIF:3489641	Hyaloscypha secalina var. paludicola Huhtinen	RO:0002454	has host	2730185	Eriophorum vaginatum L.		Filippova, N., Thormann, M., others, 2015. The fungal consortium of Andromeda polifolia in bog habitats. Mires and Peat 16, 1.	http://purl.obolibrary.org/obo/FAO_0000010	fruitbody	http://purl.obolibrary.org/obo/ENVO_00002268	sphagnum bog				http://purl.obolibrary.org/obo/PO_0009025	vascular leaf			GEONAMES:1503772	Khanty-Mansiysk	60.89191	68.68228	
82	GBIF:2579242	Coccomyces leptideus (Fr.) B.Erikss.	RO:0002454	has host	5333413	Andromeda polifolia L.		Filippova, N., Thormann, M., others, 2015. The fungal consortium of Andromeda polifolia in bog habitats. Mires and Peat 16, 1.	http://purl.obolibrary.org/obo/FAO_0000010	fruitbody	http://purl.obolibrary.org/obo/ENVO_00002268	sphagnum bog				http://purl.obolibrary.org/obo/PO_0009025	vascular leaf			GEONAMES:1503772	Khanty-Mansiysk	60.89191	68.68228	
83	GBIF:2579405	Sporomega degenerans (Kunze) Corda	RO:0002454	has host	5333413	Andromeda polifolia L.		Filippova, N., Thormann, M., others, 2015. The fungal consortium of Andromeda polifolia in bog habitats. Mires and Peat 16, 1.	http://purl.obolibrary.org/obo/FAO_0000010	fruitbody	http://purl.obolibrary.org/obo/ENVO_00002268	sphagnum bog				http://purl.obolibrary.org/obo/PO_0009025	vascular leaf			GEONAMES:1503772	Khanty-Mansiysk	60.89191	68.68228	
84	GBIF:2579405	Sporomega degenerans (Kunze) Corda	RO:0002454	has host	8073364	Vaccinium uliginosum L.		Filippova, N., Thormann, M., others, 2015. The fungal consortium of Andromeda polifolia in bog habitats. Mires and Peat 16, 1.	http://purl.obolibrary.org/obo/FAO_0000010	fruitbody	http://purl.obolibrary.org/obo/ENVO_00002268	sphagnum bog				http://purl.obolibrary.org/obo/PO_0009025	vascular leaf			GEONAMES:1503772	Khanty-Mansiysk	60.89191	68.68228	
85	GBIF:3501591	Cladosporium rhododendri K.Schub.	RO:0002454	has host	5333413	Andromeda polifolia L.		Filippova, N., Thormann, M., others, 2015. The fungal consortium of Andromeda polifolia in bog habitats. Mires and Peat 16, 1.	http://purl.obolibrary.org/obo/FAO_0000010	fruitbody	http://purl.obolibrary.org/obo/ENVO_00002268	sphagnum bog				http://purl.obolibrary.org/obo/PO_0009025	vascular leaf			GEONAMES:1503772	Khanty-Mansiysk	60.89191	68.68228	
86	GBIF:4910722	Helicoon pluriseptatum Beverw.	RO:0002454	has host	5333413	Andromeda polifolia L.		Filippova, N., Thormann, M., others, 2015. The fungal consortium of Andromeda polifolia in bog habitats. Mires and Peat 16, 1.	http://purl.obolibrary.org/obo/FAO_0000010	fruitbody	http://purl.obolibrary.org/obo/ENVO_00002268	sphagnum bog				http://purl.obolibrary.org/obo/PO_0009025	vascular leaf			GEONAMES:1503772	Khanty-Mansiysk	60.89191	68.68228	
87	GBIF:4910722	Helicoon pluriseptatum Beverw.	RO:0002454	has host	5333436	Chamaedaphne calyculata (L.) Moench		Filippova, N., Thormann, M., others, 2015. The fungal consortium of Andromeda polifolia in bog habitats. Mires and Peat 16, 1.	http://purl.obolibrary.org/obo/FAO_0000010	fruitbody	http://purl.obolibrary.org/obo/ENVO_00002268	sphagnum bog				http://purl.obolibrary.org/obo/PO_0009025	vascular leaf			GEONAMES:1503772	Khanty-Mansiysk	60.89191	68.68228	
88	GBIF:2626100	Septonema secedens Corda	RO:0002454	has host	5333413	Andromeda polifolia L.		Filippova, N., Thormann, M., others, 2015. The fungal consortium of Andromeda polifolia in bog habitats. Mires and Peat 16, 1.	http://purl.obolibrary.org/obo/FAO_0000010	fruitbody	http://purl.obolibrary.org/obo/ENVO_00002268	sphagnum bog				http://purl.obolibrary.org/obo/PO_0009025	vascular leaf			GEONAMES:1503772	Khanty-Mansiysk	60.89191	68.68228	
89	GBIF:2626100	Septonema secedens Corda	RO:0002454	has host	5333436	Chamaedaphne calyculata (L.) Moench		Filippova, N., Thormann, M., others, 2015. The fungal consortium of Andromeda polifolia in bog habitats. Mires and Peat 16, 1.	http://purl.obolibrary.org/obo/FAO_0000010	fruitbody	http://purl.obolibrary.org/obo/ENVO_00002268	sphagnum bog				http://purl.obolibrary.org/obo/PO_0009025	vascular leaf			GEONAMES:1503772	Khanty-Mansiysk	60.89191	68.68228	
90	GBIF:2626100	Septonema secedens Corda	RO:0002454	has host	2882977	Ledum palustre L.		Filippova, N., Thormann, M., others, 2015. The fungal consortium of Andromeda polifolia in bog habitats. Mires and Peat 16, 1.	http://purl.obolibrary.org/obo/FAO_0000010	fruitbody	http://purl.obolibrary.org/obo/ENVO_00002268	sphagnum bog				http://purl.obolibrary.org/obo/PO_0009025	vascular leaf			GEONAMES:1503772	Khanty-Mansiysk	60.89191	68.68228	
91	GBIF:2626100	Septonema secedens Corda	RO:0002454	has host	11104128	Oxycoccus palustris Pers.		Filippova, N., Thormann, M., others, 2015. The fungal consortium of Andromeda polifolia in bog habitats. Mires and Peat 16, 1.	http://purl.obolibrary.org/obo/FAO_0000010	fruitbody	http://purl.obolibrary.org/obo/ENVO_00002268	sphagnum bog				http://purl.obolibrary.org/obo/PO_0009025	vascular leaf			GEONAMES:1503772	Khanty-Mansiysk	60.89191	68.68228	
92	GBIF:2591606	Chalara cylindrica P.Karst.	RO:0002454	has host	5333413	Andromeda polifolia L.		Filippova, N., Thormann, M., others, 2015. The fungal consortium of Andromeda polifolia in bog habitats. Mires and Peat 16, 1.	http://purl.obolibrary.org/obo/FAO_0000010	fruitbody	http://purl.obolibrary.org/obo/ENVO_00002268	sphagnum bog				http://purl.obolibrary.org/obo/PO_0009025	vascular leaf			GEONAMES:1503772	Khanty-Mansiysk	60.89191	68.68228	
93	GBIF:2591606	Chalara cylindrica P.Karst.	RO:0002454	has host	5333436	Chamaedaphne calyculata (L.) Moench		Filippova, N., Thormann, M., others, 2015. The fungal consortium of Andromeda polifolia in bog habitats. Mires and Peat 16, 1.	http://purl.obolibrary.org/obo/FAO_0000010	fruitbody	http://purl.obolibrary.org/obo/ENVO_00002268	sphagnum bog				http://purl.obolibrary.org/obo/PO_0009025	vascular leaf			GEONAMES:1503772	Khanty-Mansiysk	60.89191	68.68228	
94	GBIF:2590993	Selenophoma Maire	RO:0002454	has host	5333413	Andromeda polifolia L.		Filippova, N., Thormann, M., others, 2015. The fungal consortium of Andromeda polifolia in bog habitats. Mires and Peat 16, 1.	http://purl.obolibrary.org/obo/FAO_0000010	fruitbody	http://purl.obolibrary.org/obo/ENVO_00002268	sphagnum bog				http://purl.obolibrary.org/obo/PO_0009025	vascular leaf			GEONAMES:1503772	Khanty-Mansiysk	60.89191	68.68228	
95	GBIF:5252960	Diplodina eurhododendri W.Voss	RO:0002454	has host	5333413	Andromeda polifolia L.		Filippova, N., Thormann, M., others, 2015. The fungal consortium of Andromeda polifolia in bog habitats. Mires and Peat 16, 1.	http://purl.obolibrary.org/obo/FAO_0000010	fruitbody	http://purl.obolibrary.org/obo/ENVO_00002268	sphagnum bog				http://purl.obolibrary.org/obo/PO_0009025	vascular leaf			GEONAMES:1503772	Khanty-Mansiysk	60.89191	68.68228	
96	GBIF:7635114	Penicillium Link, 1809	RO:0002454	has host	5333413	Andromeda polifolia L.		Filippova, N., Thormann, M., others, 2015. The fungal consortium of Andromeda polifolia in bog habitats. Mires and Peat 16, 1.	http://purl.obolibrary.org/obo/FAO_0000010	fruitbody	http://purl.obolibrary.org/obo/ENVO_00002268	sphagnum bog				http://purl.obolibrary.org/obo/PO_0009025	vascular leaf			GEONAMES:1503772	Khanty-Mansiysk	60.89191	68.68228	
97	GBIF:7635114	Penicillium Link, 1809	RO:0002454	has host	5255536	Rhytisma andromedae (Pers.) Fr.		Filippova, N., Thormann, M., others, 2015. The fungal consortium of Andromeda polifolia in bog habitats. Mires and Peat 16, 1.	http://purl.obolibrary.org/obo/FAO_0000010	fruitbody	http://purl.obolibrary.org/obo/ENVO_00002268	sphagnum bog				http://purl.obolibrary.org/obo/PO_0009025	vascular leaf			GEONAMES:1503772	Khanty-Mansiysk	60.89191	68.68228	
98	GBIF:2617225	Dendryphion comosum Wallr.	RO:0002454	has host	5333413	Andromeda polifolia L.		Filippova, N., Thormann, M., others, 2015. The fungal consortium of Andromeda polifolia in bog habitats. Mires and Peat 16, 1.	http://purl.obolibrary.org/obo/FAO_0000010	fruitbody	http://purl.obolibrary.org/obo/ENVO_00002268	sphagnum bog				http://purl.obolibrary.org/obo/PO_0009025	vascular leaf			GEONAMES:1503772	Khanty-Mansiysk	60.89191	68.68228	
99	GBIF:7388975	Alternaria Nees ex Wallroth, 1816	RO:0002454	has host	5333413	Andromeda polifolia L.		Filippova, N., Thormann, M., others, 2015. The fungal consortium of Andromeda polifolia in bog habitats. Mires and Peat 16, 1.	http://purl.obolibrary.org/obo/FAO_0000010	fruitbody	http://purl.obolibrary.org/obo/ENVO_00002268	sphagnum bog				http://purl.obolibrary.org/obo/PO_0009025	vascular leaf			GEONAMES:1503772	Khanty-Mansiysk	60.89191	68.68228	
100	GBIF:7388975	Alternaria Nees ex Wallroth, 1816	RO:0002454	has host	5333436	Chamaedaphne calyculata (L.) Moench		Filippova, N., Thormann, M., others, 2015. The fungal consortium of Andromeda polifolia in bog habitats. Mires and Peat 16, 1.	http://purl.obolibrary.org/obo/FAO_0000010	fruitbody	http://purl.obolibrary.org/obo/ENVO_00002268	sphagnum bog				http://purl.obolibrary.org/obo/PO_0009025	vascular leaf			GEONAMES:1503772	Khanty-Mansiysk	60.89191	68.68228	
101	GBIF:2598018	Penicillium vulpinum (Cooke & Massee) Seifert & Samson	RO:0002454	has host	5333413	Andromeda polifolia L.		Filippova, N., Thormann, M., others, 2015. The fungal consortium of Andromeda polifolia in bog habitats. Mires and Peat 16, 1.	http://purl.obolibrary.org/obo/FAO_0000010	fruitbody	http://purl.obolibrary.org/obo/ENVO_00002268	sphagnum bog				http://purl.obolibrary.org/obo/PO_0009025	vascular leaf			GEONAMES:1503772	Khanty-Mansiysk	60.89191	68.68228	
102	GBIF:2598018	Penicillium vulpinum (Cooke & Massee) Seifert & Samson	RO:0002454	has host	11104128	Oxycoccus palustris Pers.		Filippova, N., Thormann, M., others, 2015. The fungal consortium of Andromeda polifolia in bog habitats. Mires and Peat 16, 1.	http://purl.obolibrary.org/obo/FAO_0000010	fruitbody	http://purl.obolibrary.org/obo/ENVO_00002268	sphagnum bog				http://purl.obolibrary.org/obo/PO_0009025	vascular leaf			GEONAMES:1503772	Khanty-Mansiysk	60.89191	68.68228	
103	GBIF:2587950	Sympodiella acicola W.B.Kendr.	RO:0002454	has host	5333413	Andromeda polifolia L.		Filippova, N., Thormann, M., others, 2015. The fungal consortium of Andromeda polifolia in bog habitats. Mires and Peat 16, 1.	http://purl.obolibrary.org/obo/FAO_0000010	fruitbody	http://purl.obolibrary.org/obo/ENVO_00002268	sphagnum bog				http://purl.obolibrary.org/obo/PO_0009025	vascular leaf			GEONAMES:1503772	Khanty-Mansiysk	60.89191	68.68228	
104	GBIF:2587950	Sympodiella acicola W.B.Kendr.	RO:0002454	has host	5333436	Chamaedaphne calyculata (L.) Moench		Filippova, N., Thormann, M., others, 2015. The fungal consortium of Andromeda polifolia in bog habitats. Mires and Peat 16, 1.	http://purl.obolibrary.org/obo/FAO_0000010	fruitbody	http://purl.obolibrary.org/obo/ENVO_00002268	sphagnum bog				http://purl.obolibrary.org/obo/PO_0009025	vascular leaf			GEONAMES:1503772	Khanty-Mansiysk	60.89191	68.68228	
105	GBIF:4808	Microthyriaceae	RO:0002454	has host	5333413	Andromeda polifolia L.		Filippova, N., Thormann, M., others, 2015. The fungal consortium of Andromeda polifolia in bog habitats. Mires and Peat 16, 1.	http://purl.obolibrary.org/obo/FAO_0000010	fruitbody	http://purl.obolibrary.org/obo/ENVO_00002268	sphagnum bog				http://purl.obolibrary.org/obo/PO_0009025	vascular leaf			GEONAMES:1503772	Khanty-Mansiysk	60.89191	68.68228	
106	GBIF:2617633	Gibbera andromedae (Rehm) E.Müll. & Arx	RO:0002454	has host	5333413	Andromeda polifolia L.		Filippova, N., Thormann, M., others, 2015. The fungal consortium of Andromeda polifolia in bog habitats. Mires and Peat 16, 1.	http://purl.obolibrary.org/obo/FAO_0000010	fruitbody	http://purl.obolibrary.org/obo/ENVO_00002268	sphagnum bog				http://purl.obolibrary.org/obo/PO_0009025	vascular leaf			GEONAMES:1503772	Khanty-Mansiysk	60.89191	68.68228	
107	GBIF:2617633	Gibbera andromedae (Rehm) E.Müll. & Arx	RO:0002454	has host	2882977	Ledum palustre L.		Filippova, N., Thormann, M., others, 2015. The fungal consortium of Andromeda polifolia in bog habitats. Mires and Peat 16, 1.	http://purl.obolibrary.org/obo/FAO_0000010	fruitbody	http://purl.obolibrary.org/obo/ENVO_00002268	sphagnum bog				http://purl.obolibrary.org/obo/PO_0009025	vascular leaf			GEONAMES:1503772	Khanty-Mansiysk	60.89191	68.68228	
108	GBIF:2613260	Stomiopeltis Theiss.	RO:0002454	has host	5333413	Andromeda polifolia L.		Filippova, N., Thormann, M., others, 2015. The fungal consortium of Andromeda polifolia in bog habitats. Mires and Peat 16, 1.	http://purl.obolibrary.org/obo/FAO_0000010	fruitbody	http://purl.obolibrary.org/obo/ENVO_00002268	sphagnum bog				http://purl.obolibrary.org/obo/PO_0009025	vascular leaf			GEONAMES:1503772	Khanty-Mansiysk	60.89191	68.68228	
109	GBIF:2625276	Wentiomyces sibiricus (Petr.) E.Müll.	RO:0002454	has host	5333413	Andromeda polifolia L.		Filippova, N., Thormann, M., others, 2015. The fungal consortium of Andromeda polifolia in bog habitats. Mires and Peat 16, 1.	http://purl.obolibrary.org/obo/FAO_0000010	fruitbody	http://purl.obolibrary.org/obo/ENVO_00002268	sphagnum bog				http://purl.obolibrary.org/obo/PO_0009025	vascular leaf			GEONAMES:1503772	Khanty-Mansiysk	60.89191	68.68228	
110	GBIF:2625276	Wentiomyces sibiricus (Petr.) E.Müll.	RO:0002454	has host	11104128	Oxycoccus palustris Pers.		Filippova, N., Thormann, M., others, 2015. The fungal consortium of Andromeda polifolia in bog habitats. Mires and Peat 16, 1.	http://purl.obolibrary.org/obo/FAO_0000010	fruitbody	http://purl.obolibrary.org/obo/ENVO_00002268	sphagnum bog				http://purl.obolibrary.org/obo/PO_0009025	vascular leaf			GEONAMES:1503772	Khanty-Mansiysk	60.89191	68.68228	
111	GBIF:2625276	Wentiomyces sibiricus (Petr.) E.Müll.	RO:0002454	has host	5333436	Chamaedaphne calyculata (L.) Moench		Filippova, N., Thormann, M., others, 2015. The fungal consortium of Andromeda polifolia in bog habitats. Mires and Peat 16, 1.	http://purl.obolibrary.org/obo/FAO_0000010	fruitbody	http://purl.obolibrary.org/obo/ENVO_00002268	sphagnum bog				http://purl.obolibrary.org/obo/PO_0009025	vascular leaf			GEONAMES:1503772	Khanty-Mansiysk	60.89191	68.68228	
112	GBIF:2514286	Dothidea Fr., 1818	RO:0002454	has host	5333413	Andromeda polifolia L.		Filippova, N., Thormann, M., others, 2015. The fungal consortium of Andromeda polifolia in bog habitats. Mires and Peat 16, 1.	http://purl.obolibrary.org/obo/FAO_0000010	fruitbody	http://purl.obolibrary.org/obo/ENVO_00002268	sphagnum bog				http://purl.obolibrary.org/obo/PO_0009025	vascular leaf			GEONAMES:1503772	Khanty-Mansiysk	60.89191	68.68228	
113	GBIF:2616896	Kriegeriella mirabilis Höhn.	RO:0002454	has host	5333413	Andromeda polifolia L.		Filippova, N., Thormann, M., others, 2015. The fungal consortium of Andromeda polifolia in bog habitats. Mires and Peat 16, 1.	http://purl.obolibrary.org/obo/FAO_0000010	fruitbody	http://purl.obolibrary.org/obo/ENVO_00002268	sphagnum bog				http://purl.obolibrary.org/obo/PO_0009025	vascular leaf			GEONAMES:1503772	Khanty-Mansiysk	60.89191	68.68228	
114	GBIF:1033	Dothideales	RO:0002454	has host	5333413	Andromeda polifolia L.		Filippova, N., Thormann, M., others, 2015. The fungal consortium of Andromeda polifolia in bog habitats. Mires and Peat 16, 1.	http://purl.obolibrary.org/obo/FAO_0000010	fruitbody	http://purl.obolibrary.org/obo/ENVO_00002268	sphagnum bog				http://purl.obolibrary.org/obo/PO_0009025	vascular leaf			GEONAMES:1503772	Khanty-Mansiysk	60.89191	68.68228	
115	GBIF:1033	Dothideales	RO:0002454	has host	5333436	Chamaedaphne calyculata (L.) Moench		Filippova, N., Thormann, M., others, 2015. The fungal consortium of Andromeda polifolia in bog habitats. Mires and Peat 16, 1.	http://purl.obolibrary.org/obo/FAO_0000010	fruitbody	http://purl.obolibrary.org/obo/ENVO_00002268	sphagnum bog				http://purl.obolibrary.org/obo/PO_0009025	vascular leaf			GEONAMES:1503772	Khanty-Mansiysk	60.89191	68.68228	
116	GBIF:7490029	Dothideales	RO:0002454	has host	2882977	Ledum palustre L.		Filippova, N., Thormann, M., others, 2015. The fungal consortium of Andromeda polifolia in bog habitats. Mires and Peat 16, 1.	http://purl.obolibrary.org/obo/FAO_0000010	fruitbody	http://purl.obolibrary.org/obo/ENVO_00002268	sphagnum bog				http://purl.obolibrary.org/obo/PO_0009025	vascular leaf			GEONAMES:1503772	Khanty-Mansiysk	60.89191	68.68228	
117	GBIF:3527124	Wentiomyces molarifer Scheuer	RO:0002454	has host	5333413	Andromeda polifolia L.		Filippova, N., Thormann, M., others, 2015. The fungal consortium of Andromeda polifolia in bog habitats. Mires and Peat 16, 1.	http://purl.obolibrary.org/obo/FAO_0000010	fruitbody	http://purl.obolibrary.org/obo/ENVO_00002268	sphagnum bog				http://purl.obolibrary.org/obo/PO_0009025	vascular leaf			GEONAMES:1503772	Khanty-Mansiysk	60.89191	68.68228	
118	GBIF:3527124	Wentiomyces molarifer Scheuer	RO:0002454	has host	2882977	Ledum palustre L.		Filippova, N., Thormann, M., others, 2015. The fungal consortium of Andromeda polifolia in bog habitats. Mires and Peat 16, 1.	http://purl.obolibrary.org/obo/FAO_0000010	fruitbody	http://purl.obolibrary.org/obo/ENVO_00002268	sphagnum bog				http://purl.obolibrary.org/obo/PO_0009025	vascular leaf			GEONAMES:1503772	Khanty-Mansiysk	60.89191	68.68228	
119	GBIF:2617269	Protoventuria rhododendri (Höhn.) M.E.Barr	RO:0002454	has host	5333413	Andromeda polifolia L.		Filippova, N., Thormann, M., others, 2015. The fungal consortium of Andromeda polifolia in bog habitats. Mires and Peat 16, 1.	http://purl.obolibrary.org/obo/FAO_0000010	fruitbody	http://purl.obolibrary.org/obo/ENVO_00002268	sphagnum bog				http://purl.obolibrary.org/obo/PO_0009025	vascular leaf			GEONAMES:1503772	Khanty-Mansiysk	60.89191	68.68228	
120	GBIF:2617269	Protoventuria rhododendri (Höhn.) M.E.Barr	RO:0002454	has host	5333436	Chamaedaphne calyculata (L.) Moench		Filippova, N., Thormann, M., others, 2015. The fungal consortium of Andromeda polifolia in bog habitats. Mires and Peat 16, 1.	http://purl.obolibrary.org/obo/FAO_0000010	fruitbody	http://purl.obolibrary.org/obo/ENVO_00002268	sphagnum bog				http://purl.obolibrary.org/obo/PO_0009025	vascular leaf			GEONAMES:1503772	Khanty-Mansiysk	60.89191	68.68228	
121	GBIF:2617269	Protoventuria rhododendri (Höhn.) M.E.Barr	RO:0002454	has host	2882977	Ledum palustre L.		Filippova, N., Thormann, M., others, 2015. The fungal consortium of Andromeda polifolia in bog habitats. Mires and Peat 16, 1.	http://purl.obolibrary.org/obo/FAO_0000010	fruitbody	http://purl.obolibrary.org/obo/ENVO_00002268	sphagnum bog				http://purl.obolibrary.org/obo/PO_0009025	vascular leaf			GEONAMES:1503772	Khanty-Mansiysk	60.89191	68.68228	
122	GBIF:2617269	Protoventuria rhododendri (Höhn.) M.E.Barr	RO:0002454	has host	5332004	Betula nana L.		Filippova, N., Thormann, M., others, 2015. The fungal consortium of Andromeda polifolia in bog habitats. Mires and Peat 16, 1.	http://purl.obolibrary.org/obo/FAO_0000010	fruitbody	http://purl.obolibrary.org/obo/ENVO_00002268	sphagnum bog				http://purl.obolibrary.org/obo/PO_0009025	vascular leaf			GEONAMES:1503772	Khanty-Mansiysk	60.89191	68.68228	
123	GBIF:2617269	Protoventuria rhododendri (Höhn.) M.E.Barr	RO:0002454	has host	2998290	Rubus chamaemorus L.		Filippova, N., Thormann, M., others, 2015. The fungal consortium of Andromeda polifolia in bog habitats. Mires and Peat 16, 1.	http://purl.obolibrary.org/obo/FAO_0000010	fruitbody	http://purl.obolibrary.org/obo/ENVO_00002268	sphagnum bog				http://purl.obolibrary.org/obo/PO_0009025	vascular leaf			GEONAMES:1503772	Khanty-Mansiysk	60.89191	68.68228	
124	GBIF:7532564	Hilberina breviseta (P.Karst.) Huhndorf & A.N.Mill.	RO:0002454	has host	5333413	Andromeda polifolia L.		Filippova, N., Thormann, M., others, 2015. The fungal consortium of Andromeda polifolia in bog habitats. Mires and Peat 16, 1.	http://purl.obolibrary.org/obo/FAO_0000010	fruitbody	http://purl.obolibrary.org/obo/ENVO_00002268	sphagnum bog				http://purl.obolibrary.org/obo/PO_0009025	vascular leaf			GEONAMES:1503772	Khanty-Mansiysk	60.89191	68.68228	
125	GBIF:7532564	Hilberina breviseta (P.Karst.) Huhndorf & A.N.Mill.	RO:0002454	has host	5333436	Chamaedaphne calyculata (L.) Moench		Filippova, N., Thormann, M., others, 2015. The fungal consortium of Andromeda polifolia in bog habitats. Mires and Peat 16, 1.	http://purl.obolibrary.org/obo/FAO_0000010	fruitbody	http://purl.obolibrary.org/obo/ENVO_00002268	sphagnum bog				http://purl.obolibrary.org/obo/PO_0009025	vascular leaf			GEONAMES:1503772	Khanty-Mansiysk	60.89191	68.68228	
126	GBIF:7532564	Hilberina breviseta (P.Karst.) Huhndorf & A.N.Mill.	RO:0002454	has host	2882977	Ledum palustre L.		Filippova, N., Thormann, M., others, 2015. The fungal consortium of Andromeda polifolia in bog habitats. Mires and Peat 16, 1.	http://purl.obolibrary.org/obo/FAO_0000010	fruitbody	http://purl.obolibrary.org/obo/ENVO_00002268	sphagnum bog				http://purl.obolibrary.org/obo/PO_0009025	vascular leaf			GEONAMES:1503772	Khanty-Mansiysk	60.89191	68.68228	
127	GBIF:2575634	Physalospora vaccinii (Shear) Arx & E.Müll.	RO:0002454	has host	5333413	Andromeda polifolia L.		Filippova, N., Thormann, M., others, 2015. The fungal consortium of Andromeda polifolia in bog habitats. Mires and Peat 16, 1.	http://purl.obolibrary.org/obo/FAO_0000010	fruitbody	http://purl.obolibrary.org/obo/ENVO_00002268	sphagnum bog				http://purl.obolibrary.org/obo/PO_0009025	vascular leaf			GEONAMES:1503772	Khanty-Mansiysk	60.89191	68.68228	
128	GBIF:2575634	Physalospora vaccinii (Shear) Arx & E.Müll.	RO:0002454	has host	11104128	Oxycoccus palustris Pers.		Filippova, N., Thormann, M., others, 2015. The fungal consortium of Andromeda polifolia in bog habitats. Mires and Peat 16, 1.	http://purl.obolibrary.org/obo/FAO_0000010	fruitbody	http://purl.obolibrary.org/obo/ENVO_00002268	sphagnum bog				http://purl.obolibrary.org/obo/PO_0009025	vascular leaf			GEONAMES:1503772	Khanty-Mansiysk	60.89191	68.68228	
129	GBIF:3463761	Physalospora hyperborea Bäumler	RO:0002454	has host	5333413	Andromeda polifolia L.		Filippova, N., Thormann, M., others, 2015. The fungal consortium of Andromeda polifolia in bog habitats. Mires and Peat 16, 1.	http://purl.obolibrary.org/obo/FAO_0000010	fruitbody	http://purl.obolibrary.org/obo/ENVO_00002268	sphagnum bog				http://purl.obolibrary.org/obo/PO_0009025	vascular leaf			GEONAMES:1503772	Khanty-Mansiysk	60.89191	68.68228	
130	GBIF:3463761	Physalospora hyperborea Bäumler	RO:0002454	has host	11104128	Oxycoccus palustris Pers.		Filippova, N., Thormann, M., others, 2015. The fungal consortium of Andromeda polifolia in bog habitats. Mires and Peat 16, 1.	http://purl.obolibrary.org/obo/FAO_0000010	fruitbody	http://purl.obolibrary.org/obo/ENVO_00002268	sphagnum bog				http://purl.obolibrary.org/obo/PO_0009025	vascular leaf			GEONAMES:1503772	Khanty-Mansiysk	60.89191	68.68228	
